Model,MSE,R2,CV_R2_Mean
LinearRegression,833832332.0946524,0.8101574092995072,0.8195883765270121
DecisionTree,1584595408.1248448,0.6392275929924277,0.6295998622839397
RandomForest,897981275.8703754,0.7955523127970835,0.8028572867769391
SVR,4245663694.8376827,0.03336946284361886,0.0315830125820755
KNN,982205160.041245,0.7763766587064226,0.7872178191298275
