Model,MSE,R^2
Linear Regression,833832332.0946524,0.8101574092995072
Ridge Regression,833832332.044234,0.8101574093109862
Lasso Regression,833832329.7300386,0.8101574098378701
ElasticNet,833832310.7561927,0.8101574141577363
Decision Tree,1584595408.1248448,0.6392275929924277
Random Forest,897981275.8703754,0.7955523127970835
Gradient Boosting,833545840.040426,0.8102226363142151
SVR,4353492524.615806,0.008819558013402173
K-Nearest Neighbors,1002511187.0236143,0.7717534885308512
